Date,Open,High,Low,Close,Volume
4/27/17,238.770004,238.949997,237.979996,218.645844,57410300
4/28/17,238.899994,238.929993,237.929993,218.169327,63532800
5/1/17,238.679993,239.169998,238.199997,218.719147,66882500
5/2/17,238.839996,238.979996,238.300003,218.80162,57375700
5/3/17,238.770004,238.880005,237.699997,218.535858,73137700
5/4/17,238.830002,238.919998,237.779999,218.792465,61462700
5/5/17,239.190002,239.720001,238.679993,219.653854,62001300
5/8/17,239.75,239.919998,239.169998,219.617218,48385700
5/9/17,239.960007,240.190002,239.039993,219.415619,51363200
5/10/17,239.389999,239.869995,239.149994,219.809647,54293800
5/11/17,239.350006,239.570007,238.130005,219.360626,62358300
5/12/17,239.089996,239.429993,238.669998,218.994064,53912700
5/15/17,239.470001,240.440002,239.449997,220.203674,61918900
5/16/17,240.639999,240.669998,239.630005,220.002045,51241800
5/17/17,240.080002,240.080002,235.75,216.098343,172174100
5/18/17,235.729996,237.75,235.429993,216.968872,107047700
5/19/17,237.330002,239.080002,237.270004,218.380096,115011400
5/22/17,238.899994,239.710007,238.820007,219.488922,61010600
5/23/17,239.949997,240.240005,239.509995,219.974564,48341700
5/24/17,240.320007,240.729996,239.929993,220.487762,46927700
5/25/17,241.199997,242.080002,240.960007,221.54155,64071700
5/26/17,241.539993,241.899994,241.449997,221.495758,46629900
5/30/17,241.339996,241.789993,241.160004,221.303314,35201900
5/31/17,241.839996,241.880005,240.639999,221.248306,91796000
6/1/17,241.970001,243.380005,241.639999,223.007782,68962000
6/2/17,243.419998,244.350006,243.080002,223.75,88666100
6/5/17,243.970001,244.300003,243.759995,223.585129,44698800
6/6/17,243.339996,243.979996,243.119995,222.870346,50375400
6/7/17,243.600006,243.919998,242.830002,223.282715,54144300
6/8/17,243.770004,244.330002,243.169998,223.392624,65950700
6/9/17,244.089996,245.009995,241.949997,223.053574,132256400
6/12/17,243.130005,243.419998,242.380005,223.007782,86108100
6/13/17,243.979996,244.610001,243.580002,224.098251,60067000
6/14/17,244.860001,244.869995,243.289993,223.814178,78602300
6/15/17,242.679993,243.910004,242.360001,223.383484,66464900
6/16/17,242.770004,242.830002,241.630005,223.432297,84553100
6/19/17,243.589996,244.729996,243.479996,225.292374,65123800
6/20/17,244.25,244.259995,242.990005,223.772964,56906400
6/21/17,243.460007,243.589996,242.410004,223.717743,55977600
6/22/17,242.960007,243.529999,242.639999,223.61644,44148100
6/23/17,242.910004,243.509995,242.470001,223.883499,66986800
6/26/17,243.899994,244.380005,243.050003,224.030838,56700500
6/27/17,243.039993,243.380005,241.309998,222.226013,82247700
6/28/17,242.5,243.720001,242.229996,224.214981,70042600
6/29/17,243.660004,243.720001,239.960007,222.244385,106949700
6/30/17,242.279999,242.710007,241.580002,222.658768,86820700
7/3/17,242.880005,243.380005,242.210007,223.036346,39153800
7/5/17,242.630005,243.009995,241.699997,223.552017,54427600
7/6/17,241.889999,242.029999,240.339996,221.507767,65400800
7/7/17,241.210007,242.279999,240.559998,222.944244,57972300
7/10/17,242.110001,242.800003,241.759995,223.183655,36663300
7/11/17,242.369995,242.550003,240.850006,223.017944,50354600
7/12/17,243.300003,244.199997,243.300003,224.693848,59610400
7/13/17,244.020004,244.550003,243.759995,225.071365,39471600
7/14/17,244.419998,245.970001,244.309998,226.12114,60262700
7/17/17,245.470001,245.910004,245.330002,226.093506,33531900
7/18/17,245.059998,245.720001,244.669998,226.213211,42742500
7/19/17,246.020004,247,246.009995,227.437958,51034300
7/20/17,247.279999,247.419998,246.470001,227.53923,47135200
7/21/17,246.440002,246.910004,246.179993,227.336639,82340800
7/24/17,246.789993,246.979996,246.279999,227.281387,46622300
7/25/17,247.679993,247.800003,247.160004,227.833893,54915600
7/26/17,247.75,247.789993,247.130005,227.843079,47575400
7/27/17,247.960007,248,245.679993,227.631287,70766600
7/28/17,246.649994,247.059998,246.130005,227.364258,50088400
7/31/17,247.369995,247.479996,246.529999,227.235382,65838700
8/1/17,247.460007,247.5,246.720001,227.741806,55050400
8/2/17,247.470001,247.600006,246.369995,227.85228,47211200
8/3/17,247.309998,247.339996,246.639999,227.410324,40856000
8/4/17,247.520004,247.789993,246.970001,227.824677,60191800
8/7/17,247.490005,247.869995,247.369995,228.24826,31995000
8/8/17,247.509995,248.910004,246.830002,227.686539,61719400
8/9/17,246.470001,247.309998,246.059998,227.677338,62632600
8/10/17,246.289993,246.440002,243.699997,224.463654,120479500
8/11/17,244.020004,244.800003,243.75,224.79512,74869900
8/14/17,245.589996,246.789993,245.550003,227.023544,73291900
8/15/17,246.979996,247,246.160004,226.995926,55242700
8/16/17,247.110001,247.570007,246.449997,227.391891,56715500
8/17/17,246.240005,246.600006,243.089996,223.846664,128490400
8/18/17,242.899994,244.190002,242.199997,223.496765,136748000
8/21/17,242.639999,243.199997,241.830002,223.671677,65469700
8/22/17,243.570007,245.619995,243.550003,226.010651,63140100
8/23/17,244.330002,245.050003,244.160004,225.200272,50203800
8/24/17,245,245.179993,243.75,224.675415,50741700
8/25/17,244.899994,245.610001,244.389999,225.200272,64445900
8/28/17,245.169998,245.199997,244.089996,225.209488,40565600
8/29/17,243.059998,245.149994,242.929993,225.467346,51135700
8/30/17,244.830002,246.320007,244.619995,226.535507,62030800
8/31/17,246.720001,247.770004,246.050003,227.898361,103803900
9/1/17,247.919998,248.330002,247.669998,228.220612,62007000
9/5/17,247.259995,247.520004,244.949997,226.581558,91398800
9/6/17,246.839996,247.279999,246.229996,227.355072,57916900
9/7/17,247.25,247.270004,246.399994,227.327423,58034700
9/8/17,246.539993,247.110001,246.300003,227.060379,63832800
9/11/17,248.039993,249.300003,248.020004,229.482239,71364800
9/12/17,249.630005,250.089996,249.419998,230.255692,56896000
9/13/17,249.720001,250.210007,249.589996,230.366211,59228000
9/14/17,249.800003,250.320007,249.600006,230.292526,95446300
9/15/17,248.690002,249.289993,248.570007,230.602539,95432400
9/18/17,249.610001,250.119995,249.279999,231.093002,46235200
9/19/17,250,250.070007,249.600006,231.324356,47108100
9/20/17,250.070007,250.190002,248.919998,231.407623,59574100
9/21/17,249.880005,249.979996,249.190002,230.787643,48211400
9/22/17,249.050003,249.630005,249.020004,230.833908,51214000
9/25/17,249.149994,249.550003,248.080002,230.361923,57064400
9/26/17,249.419998,249.699997,248.809998,230.500778,54082000
9/27/17,249.880005,250.490005,248.869995,231.398392,81001400
9/28/17,249.729996,250.440002,249.630005,231.67601,44778800
9/29/17,250.339996,251.320007,250.130005,232.490387,85578000
10/2/17,251.490005,252.320007,251.289993,233.499084,59023000
10/3/17,252.320007,252.889999,252.229996,233.99881,66810200
10/4/17,252.690002,253.440002,252.559998,234.276413,55953600
10/5/17,253.539993,254.679993,253.199997,235.664551,63522800
10/6/17,254.149994,254.699997,253.850006,235.396179,80646000
10/9/17,254.630005,254.699997,253.649994,235.007477,35803100
10/10/17,254.600006,255.050003,253.979996,235.627502,43057400
10/11/17,254.509995,255.020004,254.320007,235.997696,47674300
10/12/17,254.660004,255.059998,254.369995,235.646057,47065100
10/13/17,255.139999,255.270004,254.639999,235.932907,54800400
10/16/17,255.210007,255.509995,254.820007,236.247559,38221700
10/17/17,255.229996,255.520004,254.979996,236.414108,31561000
10/18/17,255.899994,255.949997,255.5,236.645462,40888300
10/19/17,254.830002,255.830002,254.350006,236.710236,61903800
10/20/17,256.700012,257.140015,255.770004,237.931778,89176400
10/23/17,257.480011,257.51001,256.019989,237.006378,63915300
10/24/17,256.600006,256.829987,256.149994,237.422791,66935900
10/25/17,256.179993,256.309998,254,236.247559,103715300
10/26/17,255.990005,256.299988,255.479996,236.552902,69798000
10/27/17,256.470001,257.890015,255.630005,238.48703,85562500
10/30/17,256.470001,257.600006,256.410004,237.598648,54285700
10/31/17,257.179993,257.440002,256.809998,237.968796,60304800
11/1/17,258.040009,258.429993,257.070007,238.283447,54202700
11/2/17,257.410004,257.75,256.190002,238.376007,56449500
11/3/17,257.769989,258.5,257.299988,239.171814,59589700
11/6/17,258.299988,259,258.220001,239.541992,49652600
11/7/17,258.970001,259.350006,258.089996,239.375458,57502200
11/8/17,258.470001,259.220001,258.149994,239.782623,50469600
11/9/17,257.730011,258.390015,256.359985,238.912735,95085500
11/10/17,257.730011,258.290009,257.369995,238.838699,59984700
11/13/17,257.309998,258.589996,257.269989,239.06076,50228600
11/14/17,257.410004,257.850006,256.519989,238.505569,61315200
11/15/17,256.619995,257.220001,255.630005,237.311752,80811500
11/16/17,257.519989,259.040009,257.470001,239.329117,67777000
11/17/17,258.220001,258.589996,257.769989,238.625824,75756800
11/20/17,258.140015,258.519989,257.859985,239.03299,48075500
11/21/17,259.179993,260.200012,258.26001,240.596939,69176800
11/22/17,260,260.149994,259.570007,240.38414,45033400
11/24/17,260.320007,260.480011,260.160004,240.939331,27856500
11/27/17,260.410004,260.75,260,240.819061,52274900
11/28/17,260.76001,262.899994,260.649994,243.26207,98971700
11/29/17,263.019989,263.630005,262.200012,243.114075,77512100
11/30/17,263.76001,266.049988,263.670013,245.242493,127894400
12/1/17,264.76001,265.309998,260.76001,244.733521,164390900
12/4/17,266.309998,266.799988,264.079987,244.437454,94040600
12/5/17,263.190002,265.149994,263.040009,243.558289,77994500
12/6/17,263.299988,263.730011,262.709991,243.604553,75898600
12/7/17,264.070007,264.429993,262.940002,244.37265,77218600
12/8/17,265.160004,265.519989,264.029999,245.705215,76563900
12/11/17,266.309998,266.380005,265.480011,246.445511,83077500
12/12/17,267.209991,267.320007,266.350006,246.880432,85195800
12/13/17,267.059998,267.559998,266.649994,246.852722,102905400
12/14/17,267.089996,267.220001,265.600006,245.844086,100666700
12/15/17,265.450012,267.040009,265.390015,247.891266,144610300
12/18/17,268.100006,268.600006,267.980011,249.463272,83653600
12/19/17,268.480011,268.529999,267.089996,248.505142,82382900
12/20/17,268.269989,268.329987,266.690002,248.374954,76751500
12/21/17,267.73999,268.390015,267.299988,248.886536,67032300
12/22/17,267.600006,267.640015,266.899994,248.821396,78720900
12/26/17,267.049988,267.440002,266.890015,248.523758,45244400
12/27/17,267.380005,267.730011,267.01001,248.644699,57751000
12/28/17,267.890015,267.920013,267.450012,249.15625,45116100
12/29/17,268.529999,268.549988,266.640015,248.216812,96007400
1/2/18,267.839996,268.809998,267.399994,249.993454,86655700
1/3/18,268.959991,270.640015,268.959991,251.5746,90070400
1/4/18,271.200012,272.160004,270.540009,252.634933,80636400
1/5/18,272.51001,273.559998,271.950012,254.318573,83524000
1/8/18,273.309998,274.100006,272.980011,254.783554,57319200
1/9/18,274.399994,275.25,274.079987,255.360367,57254000
1/10/18,273.679993,274.420013,272.920013,254.969604,69574300
1/11/18,274.75,276.119995,274.559998,256.829865,62361500
1/12/18,276.420013,278.109985,276.079987,258.504181,90816100
1/16/18,279.350006,280.089996,276.179993,257.620514,106555100
1/17/18,278.029999,280.049988,276.970001,260.07605,113258800
1/18/18,279.480011,279.959991,278.579987,259.638947,100728000
1/19/18,279.799988,280.410004,279.140015,260.820221,140920100
1/22/18,280.170013,282.690002,280.109985,262.940918,91322400
1/23/18,282.73999,283.619995,282.369995,263.499054,97084700
1/24/18,284.019989,284.700012,281.839996,263.396637,134816100
1/25/18,284.160004,284.269989,282.399994,263.508301,84587300
1/26/18,284.25,286.630005,283.959991,266.559143,107743100
1/29/18,285.929993,286.429993,284.5,264.791931,90118300
1/30/18,282.600006,284.73999,281.220001,262.075867,131796400
1/31/18,282.730011,283.299988,280.679993,262.206085,108364800
2/1/18,281.070007,283.059998,280.679993,261.908447,90102500
2/2/18,280.079987,280.230011,275.410004,256.206726,173174800
2/5/18,273.450012,275.850006,263.309998,245.491501,294681800
2/6/18,259.940002,269.700012,258.700012,250.328293,355026800
2/7/18,268.5,272.359985,267.579987,248.970291,167376100
2/8/18,268.01001,268.170013,257.589996,239.631638,246449500
2/9/18,260.799988,263.609985,252.919998,243.231308,283565300
2/12/18,263.829987,267.01001,261.660004,246.803009,143736000
2/13/18,263.970001,266.619995,263.309998,247.416916,81223600
2/14/18,264.309998,270,264.299988,250.756012,120735700
2/15/18,271.570007,273.040009,268.769989,253.955765,111200300
2/16/18,272.320007,275.320007,272.269989,254.030151,160420100
2/20/18,272.029999,273.670013,270.5,252.439636,86369700
2/21/18,271.899994,274.720001,269.940002,251.18399,98883700
2/22/18,271.100006,273.049988,269.640015,251.509506,110511300
2/23/18,271.790009,274.709991,271.25,255.518387,92766400
2/26/18,275.929993,278.01001,275.26001,258.485565,86491400
2/27/18,278.109985,278.920013,274.359985,255.25795,99099200
2/28/18,275.679993,276.190002,271.290009,252.67218,121907800
3/1/18,271.410004,273.170013,266,248.998169,176855100
3/2/18,265.799988,269.720001,264.820007,250.281693,139083200
3/5/18,267.730011,272.890015,267.609985,253.174469,97307400
3/6/18,273.299988,273.390015,271.179993,253.816284,79213200
3/7/18,270.420013,273.179993,270.200012,253.723328,87063500
3/8/18,273.549988,274.23999,272.420013,254.951019,66901200
3/9/18,275.700012,278.869995,275.339996,259.387817,113625300
3/12/18,279.200012,279.910004,278.079987,259.062195,71924800
3/13/18,279.839996,280.410004,276.029999,257.38797,91968900
3/14/18,277.809998,278.019989,274.670013,256.067139,105895100
3/15/18,275.880005,276.609985,274.429993,255.788147,83433000
3/16/18,274.5,275.390015,274.140015,256.065491,100343700
3/19/18,273.350006,274.399994,268.619995,252.600861,109208400
3/20/18,270.940002,271.670013,270.179993,253.030487,59757300
3/21/18,270.899994,273.269989,270.190002,252.544815,78709600
3/22/18,267.910004,268.869995,263.359985,246.231949,148785900
3/23/18,264.170013,264.540009,257.829987,240.983612,183534800
3/26/18,262.130005,265.429993,259.410004,247.576691,141956100
3/27/18,266.170013,266.769989,258.839996,243.36496,129941400
3/28/18,260.75,262.640015,258.579987,242.645889,146452300
3/29/18,261.119995,265.26001,259.839996,245.746307,111601600
4/2/18,262.549988,263.130005,254.669998,240.441986,186286300
4/3/18,258.869995,261.309998,256.839996,243.523727,119956900
4/4/18,256.75,264.359985,256.600006,246.129227,123715300
4/5/18,265.549988,266.640015,264.320007,248.07164,82652600
4/6/18,263.420013,265.109985,258,242.543167,179521200
4/9/18,261.369995,264.839996,259.940002,243.73851,105442900
4/10/18,264.269989,266.040009,262.980011,247.614059,103529000
4/11/18,263.470001,265.640015,263.390015,246.315994,91140200
4/12/18,265.26001,267,265.059998,248.342438,68890500
4/13/18,267.410004,267.540009,264.01001,247.614059,85079200
4/16/18,267,268.200012,266.070007,249.649857,63405300
4/17/18,269.329987,270.869995,268.75,252.320694,64682000
4/18/18,270.690002,271.299988,269.869995,252.507462,57303900
4/19/18,269.649994,269.880005,267.720001,251.106674,77655900
4/20/18,268.809998,269.059998,265.609985,248.977463,99953100
4/23/18,267.26001,267.890015,265.350006,248.940125,65558000
4/24/18,267.730011,267.980011,261.279999,245.587555,112885500
4/25/18,262.910004,264.130005,260.850006,246.194565,103840900
4/26/18,264.790009,267.25,264.290009,248.697266,67731900
4/27/18,267,267.339996,265.5,248.930756,57053600
4/30/18,267.26001,267.890015,264.429993,247.016388,82182300
5/1/18,263.869995,265.100006,262.109985,247.455338,74203400
5/2/18,264.76001,265.679993,262.76001,245.792969,86368900
5/3/18,262.26001,263.359985,259.049988,245.251312,136311500
5/4/18,261.519989,266.790009,261.149994,248.426514,91222100
5/7/18,266.890015,268.019989,266.109985,249.266983,55304900
5/8/18,266.5,267.329987,265.149994,249.266983,67499200
5/9/18,267.679993,269.869995,267.089996,251.676315,59666100
5/10/18,270.339996,272.390015,270.220001,254.029694,72063900
5/11/18,272.160004,273.149994,271.579987,254.804764,59871500
5/14/18,273.339996,274.079987,272.359985,254.926163,54790600
5/15/18,271.589996,271.609985,270.029999,253.170532,87036100
5/16/18,271.140015,272.76001,271.109985,254.235107,53942600
5/17/18,271.940002,273.230011,271.130005,254.020401,56536400
5/18/18,271.619995,272.029999,270.929993,253.38533,64368000
5/21/18,273.01001,273.980011,272.570007,255.290329,58025900
5/22/18,273.959991,274.25,272.23999,254.580673,52966400
5/23/18,271.170013,273.390015,270.98999,255.281052,64694200
5/24/18,272.910004,273.220001,270.779999,254.758087,76043800
5/25/18,272.149994,272.859985,271.579987,254.151031,56374800
5/29/18,270.309998,271.170013,267.76001,251.228119,115908600
5/30/18,270.5,273.109985,270.420013,254.580673,69678400
5/31/18,272.149994,272.48999,270.26001,253.021118,93519900
6/1/18,272.410004,273.940002,272.329987,255.505249,71258400
6/4/18,274.529999,275.190002,274.26001,256.719208,45385200
6/5/18,275.049988,275.529999,274.179993,256.906006,51135000
6/6/18,275.790009,277.519989,275.089996,259.053894,62732200
6/7/18,277.950012,278.279999,276.339996,259.025848,72969400
6/8/18,276.850006,278.25,276.660004,259.791656,72139700
6/11/18,278.440002,279.369995,278.309998,260.137177,58892500
6/12/18,279.029999,279.329987,278.190002,260.473358,72329000
6/13/18,279.190002,279.480011,277.799988,259.642242,79070600
6/14/18,279.01001,279.329987,278.059998,260.295929,77097600
6/15/18,276.600006,277.51001,275.350006,259.963837,120041600
6/18/18,275.48999,276.700012,274.950012,259.429108,52917600
6/19/18,274,275.75,273.529999,258.434814,97531500
6/20/18,276.269989,276.720001,275.589996,258.875763,53785500
6/21/18,275.959991,275.980011,273.679993,257.252838,71061400
6/22/18,275.660004,275.790009,274.48999,257.721893,54898500
6/25/18,273.440002,273.619995,269.100006,254.213516,137854200
6/26/18,271.640015,272.559998,270.790009,254.776352,68547400
6/27/18,272.26001,273.869995,269.179993,252.665833,105110700
6/28/18,269.290009,271.75,268.48999,254.110413,76650500
6/29/18,272.119995,273.660004,271.149994,254.476181,97592500
7/2/18,269.51001,272.040009,269.23999,255.020279,63554800
7/3/18,272.869995,272.980011,270.420013,254.119751,42187100
7/5/18,272.170013,273.179993,270.959991,256.19281,56925900
7/6/18,273.140015,275.839996,272.709991,258.359741,66493700
7/9/18,276.549988,277.959991,276.5,260.686127,50550400
7/10/18,278.410004,279.01001,278.079987,261.624207,51966800
7/11/18,277.149994,278.040009,276.519989,259.710571,77054700
7/12/18,278.279999,279.429993,277.600006,262.065094,60124700
7/13/18,279.170013,279.929993,278.660004,262.271484,48216000
7/16/18,279.640015,279.799988,278.839996,262.036957,48201000
7/17/18,278.470001,280.910004,278.410004,263.096954,52315500
7/18/18,280.559998,281.179993,280.059998,263.650421,44593500
7/19/18,280.309998,280.73999,279.459991,262.656128,61412100
7/20/18,279.769989,280.480011,279.5,262.355896,82337700
7/23/18,279.450012,280.429993,279.059998,262.843658,47047600
7/24/18,281.790009,282.559998,280.630005,264.16629,68026900
7/25/18,281.329987,284.369995,281.279999,266.417725,78882900
7/26/18,283.200012,284.109985,283.089996,265.789154,57919500
7/27/18,283.709991,283.820007,280.380005,263.988037,76768700
7/30/18,281.51001,281.690002,279.359985,262.609222,63742500
7/31/18,280.809998,282.019989,280.380005,263.903687,68570500
8/1/18,281.559998,282.130005,280.130005,263.462769,53853300
8/2/18,279.390015,282.579987,279.160004,264.89801,63426400
8/3/18,282.529999,283.660004,282.329987,266.033081,53935400
8/6/18,283.640015,284.98999,283.200012,267.008636,39400900
8/7/18,285.390015,286.01001,285.23999,267.890381,43196600
8/8/18,285.390015,285.910004,284.940002,267.777863,42114600
8/9/18,285.529999,285.970001,284.920013,267.412048,35717000
8/10/18,283.450012,284.059998,282.359985,265.620331,77076000
8/13/18,283.470001,284.160004,281.769989,264.626038,65732900
8/14/18,282.920013,284.170013,282.480011,266.314514,43842000
8/15/18,282.380005,282.540009,280.160004,264.325775,102925400
8/16/18,283.399994,285.040009,283.359985,266.4646,69967900
8/17/18,283.829987,285.559998,283.369995,267.402618,65618500
8/20/18,285.570007,285.970001,285.059998,267.974792,39807500
8/21/18,286.25,287.309998,285.709991,268.603363,67272000
8/22/18,285.880005,286.76001,285.579987,268.443848,44993300
8/23/18,285.970001,286.940002,285.429993,268.087433,49204900
8/24/18,286.440002,287.670013,286.380005,269.700867,57487400
8/27/18,288.859985,289.899994,288.679993,271.830261,57072400
8/28/18,290.299988,290.420013,289.399994,271.961609,46943500
8/29/18,290.160004,291.73999,289.890015,273.425018,61485500
8/30/18,290.940002,291.359985,289.630005,272.318024,61229500
8/31/18,289.839996,290.809998,289.290009,272.327423,66140800
9/4/18,289.839996,290.209991,288.679993,271.858398,57594400
9/5/18,289.410004,289.640015,287.890015,271.126709,72452400
9/6/18,289.149994,289.48999,287,270.310577,65909900
9/7/18,286.980011,288.700012,286.709991,269.785309,73524800
9/10/18,288.73999,289.040009,287.880005,270.254364,50210900
9/11/18,287.369995,289.549988,286.980011,271.145447,50530500
9/12/18,289.059998,289.799988,288.230011,271.211121,59810800
9/13/18,290.320007,291.040009,290,272.815247,51034200
9/14/18,291.059998,291.269989,290,272.862152,55079900
9/17/18,290.820007,290.859985,289.029999,271.417542,68244000
9/18/18,289.579987,291.579987,289.549988,272.89032,61930400
9/19/18,290.970001,291.690002,290.829987,273.181091,49080600
9/20/18,292.640015,293.940002,291.23999,275.394867,100360600
9/21/18,293.089996,293.220001,291.809998,275.14328,105479700
9/24/18,291.339996,291.5,290.369995,274.229248,53409600
9/25/18,291.529999,291.649994,290.480011,273.974884,44370000
9/26/18,290.910004,292.23999,289.410004,273.155029,79739700
9/27/18,290.410004,291.910004,290.100006,273.918304,59249500
9/28/18,289.98999,291.279999,289.950012,273.946533,70091400
10/1/18,292.109985,292.929993,290.980011,274.898315,62078900
10/2/18,291.559998,292.359985,291.140015,274.738068,47258200
10/3/18,292.73999,293.209991,291.320007,274.888885,64694600
10/4/18,291.179993,291.23999,287.660004,272.740479,111545900
10/5/18,289.690002,290.269989,286.220001,271.213867,105951700
10/8/18,287.049988,288.220001,285.5,271.213867,87742200
10/9/18,287.390015,288.859985,286.769989,270.818054,74339000
10/10/18,286.829987,286.910004,277.880005,262.243134,214731000
10/11/18,277.079987,278.899994,270.359985,256.466797,274840500
10/12/18,276.769989,277.089996,272.369995,260.028717,183186500
10/15/18,275.549988,277.040009,274.299988,258.568115,102263700
10/16/18,276.600006,280.820007,276.070007,264.221954,118255800
10/17/18,280.440002,281.149994,277.559998,264.269104,110626000
10/18/18,279.399994,280.070007,274.970001,260.452759,134557500
10/19/18,277.130005,279.299988,275.470001,260.311432,139901600
10/22/18,277,277.359985,274.410004,259.142975,82415800
10/23/18,270.950012,274.869995,268.609985,257.8237,146352700
10/24/18,273.329987,273.76001,264.700012,250.012024,177806700
10/25/18,267.380005,271.809998,266.230011,254.497437,138061500
10/26/18,265.920013,271,262.290009,250.021423,201574600
10/29/18,268.799988,270.25,259.850006,248.636307,160749100
10/30/18,263.670013,268.119995,263.119995,252.320724,157116000
10/31/18,270.649994,273.230011,270.119995,255.015671,128296300
11/1/18,271.600006,273.730011,270.380005,257.729553,99495000
11/2/18,274.75,275.230011,269.589996,256.202972,122634100
11/5/18,272.440002,274.01001,271.350006,257.616425,65622500
11/6/18,273.320007,275.299988,273.25,259.246643,60085900
11/7/18,277.559998,281.100006,277.079987,264.796814,102752100
11/8/18,280.109985,281.220001,279.220001,264.316162,65584900
11/9/18,279.029999,279.23999,276.179993,261.734344,98812600
11/12/18,277.190002,277.459991,271.98999,256.843781,99673600
11/13/18,273.089996,275.329987,271.25,256.363129,98176600
11/14/18,274.160004,274.609985,268.450012,254.610504,125335900
11/15/18,268.779999,273.540009,267.01001,257.267822,135101400
11/16/18,271.790009,274.75,271.209991,257.936798,126668000
11/19/18,273.049988,273.380005,268.070007,253.574005,103061700
11/20/18,265.359985,267,263.149994,248.881302,136021300
11/21/18,265.859985,267.149994,265.01001,249.729279,75563700
11/23/18,263.179993,264.820007,263.070007,248.061432,42807900
11/26/18,265.779999,267.75,265.339996,252.066254,79981400
11/27/18,266.339996,268.399994,265.660004,252.914337,75502400
11/28/18,269.600006,274.579987,268.329987,258.737762,127629600
11/29/18,273.709991,275.549988,272.429993,258.172394,82346400
11/30/18,273.809998,276.279999,273.450012,259.746094,98204200
12/3/18,280.279999,280.399994,277.51001,263.185516,103176300
12/4/18,278.369995,278.850006,269.899994,254.657608,177986000
12/6/18,265.920013,269.970001,262.440002,254.271286,204185400
12/7/18,269.459991,271.220001,262.630005,248.362991,161018900
12/10/18,263.369995,265.160004,258.619995,248.834167,151445900
12/11/18,267.660004,267.869995,262.480011,248.890747,121504400
12/12/18,267.470001,269,265.369995,250.143997,97976700
12/13/18,266.519989,267.48999,264.119995,250.059143,96662700
12/14/18,262.959991,264.029999,259.850006,245.441879,116961100
12/17/18,259.399994,260.649994,253.529999,240.626709,165492300
12/18/18,257.200012,257.950012,253.279999,240.362854,134515100
12/19/18,255.169998,259.399994,249.350006,236.763245,214992800
12/20/18,249.860001,251.619995,244.649994,232.90921,252053400
12/21/18,246.740005,249.710007,239.979996,228.137024,255345600
12/24/18,239.039993,240.839996,234.270004,222.108978,147311600
12/26/18,235.970001,246.179993,233.759995,233.331009,218485400
12/27/18,242.570007,248.289993,238.960007,235.12236,186267300
12/28/18,249.580002,251.399994,246.449997,234.819046,153100200
12/31/18,249.559998,250.190002,247.470001,236.875809,144299400
1/2/19,245.979996,251.210007,245.949997,237.122238,126925200
1/3/19,248.229996,248.570007,243.669998,231.463852,144140700
1/4/19,247.589996,253.110001,247.169998,239.216888,142628800
1/7/19,252.690002,255.949997,251.690002,241.103012,103139100
1/8/19,256.820007,257.309998,254,243.368256,102512600
1/9/19,257.559998,258.910004,256.190002,244.505661,95006600
1/10/19,256.26001,259.160004,255.5,245.368149,96823900
1/11/19,257.679993,259.01001,257.029999,245.462921,73858100
1/14/19,256.859985,258.299988,256.410004,243.965378,70908200
1/15/19,257.820007,260.700012,257.809998,246.761429,85208300
1/16/19,260.829987,261.970001,260.600006,247.358521,77636700
1/17/19,260.01001,263.920013,259.959991,249.235184,96118400
1/18/19,264.980011,266.980011,263,252.552521,127900300
1/22/19,264.820007,265.059998,261.059998,249.140411,115531200
1/23/19,264.01001,264.790009,260.660004,249.661728,86030300
1/24/19,263.209991,264.200012,262.079987,249.794388,59204100
1/25/19,265.609985,266.700012,263.660004,251.90802,96883400
1/28/19,263.390015,263.829987,261.790009,249.993439,85613700
1/29/19,263.920013,264.549988,262.480011,249.661728,66136300
1/30/19,265.100006,268.519989,264.25,253.614044,92473700
1/31/19,267.51001,270.470001,267.269989,255.841431,104012100
2/1/19,270.149994,271.200012,269.179993,255.964569,85782500
2/4/19,270.109985,272.029999,269.359985,257.765503,60744800
2/5/19,272.440002,273.440002,271.880005,258.845978,79552800
2/6/19,272.790009,273.339996,271.920013,258.5047,58347800
2/7/19,270.940002,271.549988,268.290009,256.040466,95482000
2/8/19,268.75,270.579987,267.829987,256.353241,75788900
2/11/19,271.200012,271.48999,270.029999,256.495392,68021400
2/12/19,272.420013,274.519989,272.339996,259.793732,72270200
2/13/19,275.029999,275.929993,274.559998,260.637268,65277200
2/14/19,273.779999,275.640015,272.869995,260.059204,83234400
2/15/19,276.359985,277.410004,276.130005,262.893097,97088700
2/19/19,276.480011,278.579987,276.470001,263.348114,59120800
2/20/19,277.809998,278.920013,277.25,263.878754,76610800
2/21/19,277.700012,278.100006,276.350006,262.94046,64214700
2/22/19,278.109985,279.359985,277.399994,264.57074,78114600
2/25/19,280.730011,281.309998,279.429993,264.930878,69030700
2/26/19,279.130005,280.299988,278.899994,264.741333,56844100
2/27/19,278.519989,279.589996,277.480011,264.627533,56921600
2/28/19,278.959991,279.450012,278.320007,264.134674,69268300
3/1/19,280.440002,280.880005,278.820007,265.783936,78880500
3/4/19,281.600006,281.869995,276.839996,264.8172,106494600
3/5/19,279.540009,279.76001,278.410004,264.457001,59114600
3/6/19,279.149994,279.160004,276.970001,262.855164,75039800
3/7/19,276.829987,276.98999,274.070007,260.65625,94885100
3/8/19,272.940002,274.649994,272.420013,260.134979,85795800
3/11/19,275.26001,278.619995,275.230011,263.907227,65098900
3/12/19,279.059998,280.070007,278.850006,264.902344,79667500
3/13/19,280.480011,282.380005,280.299988,266.655945,80639200
3/14/19,281.369995,281.839996,280.670013,266.485352,67518400
3/15/19,280.540009,282.209991,280.329987,267.80188,81309000
3/18/19,281.549988,282.660004,281.299988,268.772888,62199800
3/19/19,283.51001,284.359985,281.410004,268.839539,90268100
3/20/19,282.160004,283.5,280.320007,268.030334,84609200
3/21/19,280.640015,285.179993,280.589996,271.057648,79550400
3/22/19,283.220001,283.799988,279.179993,265.84079,122659300
3/25/19,278.869995,280.190002,277.640015,265.6409,85575200
3/26/19,280.98999,282.179993,279.559998,267.621002,68125900
3/27/19,281.109985,281.76001,277.929993,266.221588,72224700
3/28/19,280.350006,281.209991,279.070007,267.230682,56238500
3/29/19,282.390015,282.839996,281.140015,268.915649,82186800
4/1/19,284.700012,286.160004,284.399994,272.104797,77617900
4/2/19,286.040009,286.230011,285.089996,272.238068,40070400
4/3/19,287.320007,287.76001,285.75,272.666565,68243200
4/4/19,286.779999,287.459991,286.01001,273.389954,48997500
4/5/19,287.920013,288.630005,287.600006,274.713257,58621700
4/8/19,288.100006,288.910004,287.369995,274.922668,53566300
4/9/19,287.720001,288.079987,286.700012,273.513733,66142300
4/10/19,287.769989,288.390015,287.309998,274.446686,52601500
4/11/19,288.829987,288.839996,287.579987,274.370575,55093100
4/12/19,290,290.470001,288.26001,276.226929,69727800
4/15/19,290.23999,290.350006,289.079987,276.046051,49596700
4/16/19,290.950012,291.01001,289.5,276.226929,52153200
4/17/19,291.399994,291.429993,288.98999,275.550995,58268300
4/18/19,290.100006,290.320007,288.660004,276.093628,68708500
4/22/19,289.170013,290.440002,289.070007,276.331573,40160100
4/23/19,290.679993,293.140015,290.420013,278.816284,52246600
4/24/19,292.790009,293.160004,292.070007,278.19754,50392900
4/25/19,292.119995,292.779999,290.730011,278.026093,57770900
4/26/19,292.100006,293.48999,291.23999,279.320862,50916400
4/29/19,293.51001,294.450012,293.410004,279.758789,57197700
4/30/19,293.48999,294.339996,291.920013,279.90155,81111700
5/1/19,294.720001,294.950012,291.799988,277.797699,71671900
5/2/19,291.679993,292.700012,289.519989,277.197906,65030200
5/3/19,292.820007,294.339996,291.299988,279.911041,56543700
5/6/19,289.25,293.309998,288.899994,278.759186,107198100
5/7/19,290.149994,290.809998,285.809998,274.103973,144729900
5/8/19,287.529999,289.429993,286.869995,273.723175,91568300
5/9/19,285.230011,287.329987,283.299988,272.894958,103471100
5/10/19,285.619995,288.940002,282.299988,274.265869,112429300
5/13/19,282.420013,283.48999,279.929993,267.373413,127290500
5/14/19,281.98999,285.100006,281.850006,269.791504,77003200
5/15/19,281.589996,285.769989,281.359985,271.371826,73956400
5/16/19,285.839996,289.209991,285.76001,273.885071,76749600
5/17/19,285.140015,288.600006,285.119995,272.114319,100353000
5/20/19,284.059998,285.959991,283.119995,270.315155,62877600
5/21/19,285.829987,286.929993,285.549988,272.752136,46847100
5/22/19,285.450012,286.690002,285.100006,271.91449,49482500
5/23/19,283.160004,283.209991,280.570007,268.59201,98733800
5/24/19,283.73999,284.200012,282.089996,269.201324,55268100
5/28/19,283.089996,284.149994,280.130005,266.69754,70029400
5/29/19,278.910004,279.359985,276.709991,264.907806,104972900
5/30/19,279.109985,280.040009,277.809998,265.631317,62523800
5/31/19,276.200012,277.119995,275.23999,262.05188,86862800
6/3/19,275.309998,276.549988,273.089996,261.385529,96428000
6/4/19,277.119995,280.679993,276.619995,267.059357,77231900
6/5/19,282.329987,282.98999,280.320007,269.372589,71169700
6/6/19,283.290009,285.549988,282.570007,271.124329,69430400
6/7/19,285.929993,288.850006,285.73999,273.837433,74272200
6/10/19,289.369995,290.820007,288.869995,275.094025,60799100
6/11/19,290.98999,291.399994,288.179993,275.027405,58641300
6/12/19,288.640015,289.26001,287.820007,274.54187,47096300
6/13/19,289.399994,289.980011,288.619995,275.674713,48945200
6/14/19,289.26001,289.929993,288.410004,275.370148,52324700
6/17/19,289.519989,290.220001,289.179993,275.474792,39205700
6/18/19,291.390015,293.570007,290.98999,278.359314,85434800
6/19/19,292.549988,293.649994,291.470001,278.987671,78674400
6/20/19,296.040009,296.309998,293.130005,281.653198,116570000
6/21/19,294.130005,295.519989,293.76001,281.243744,83309500
6/24/19,294.230011,294.579987,293.470001,280.899384,47582700
6/25/19,293.700012,293.730011,290.640015,278.144379,82028700
6/26/19,291.75,292.309998,290.350006,277.866943,51584900
6/27/19,291.309998,292.059998,290.890015,278.852295,40355200
6/28/19,292.579987,293.549988,292.01001,280.28714,59350900
7/1/19,296.679993,296.920013,294.329987,282.831757,78705600
7/2/19,295.609985,296.48999,294.679993,283.568329,61504500
7/3/19,297.179993,298.820007,297.019989,285.83548,40898900
7/5/19,297.440002,298.640015,296.01001,285.510254,51677300
7/8/19,297.01001,298.26001,296.220001,283.941437,45841800
7/9/19,295.540009,297.519989,295.480011,284.29541,41101300
7/10/19,298.369995,299.660004,297.779999,285.653717,58448500
7/11/19,299.320007,299.579987,298.200012,286.323364,50826100
7/12/19,299.850006,300.730011,299.51001,287.605225,40326000
7/15/19,301.130005,301.130005,300.190002,287.700897,33900000
7/16/19,300.649994,300.880005,299.440002,286.77301,36650100
7/17/19,299.75,299.929993,297.73999,284.821503,36036300
7/18/19,297.190002,299.25,296.700012,285.864227,51392600
7/19/19,300.040009,300.070007,296.980011,284.276337,58678600
7/22/19,297.609985,298.5,297.040009,284.974548,43638100
7/23/19,299.140015,300.029999,298.220001,287.012177,44564500
7/24/19,299.190002,301.440002,299.089996,288.360931,47213200
7/25/19,300.940002,301,299.109985,286.983429,55394100
7/26/19,300.76001,302.230011,300.619995,288.90625,45084100
7/29/19,301.880005,302.01001,300.850006,288.380096,38126500
7/30/19,299.910004,301.170013,299.48999,287.672211,45849000
7/31/19,300.98999,301.200012,295.200012,284.524933,104245200
8/1/19,297.600006,300.869995,293.959991,282.047272,142646600
8/2/19,293.850006,294.119995,290.899994,279.923645,116749700
8/5/19,288.089996,288.209991,281.720001,271.505493,178745400
8/6/19,285.910004,288.040009,284.279999,275.312805,120711700
8/7/19,284.399994,288.820007,282.040009,275.475403,140572300
8/8/19,289.619995,293.619995,289.01001,280.88031,87713900
8/9/19,292.579987,293.23999,289.649994,278.967041,93730000
8/12/19,289.959991,291.609985,287.019989,275.571106,65527600
8/13/19,287.73999,294.149994,287.359985,279.85672,94299800
8/14/19,288.070007,288.73999,283.76001,271.582031,135622100
8/15/19,284.880005,285.640015,282.390015,272.299438,99556600
8/16/19,286.480011,289.329987,284.709991,276.31723,83018300
8/19/19,292.190002,293.079987,291.440002,279.64621,53571800
8/20/19,291.769989,292.359985,289.950012,277.503418,51596400
8/21/19,292.480011,292.859985,291.720001,279.760986,49524700
8/22/19,293.230011,293.929993,290.399994,279.674927,51666400
8/23/19,290.920013,292.76001,283.470001,272.490814,149161500
8/26/19,287.269989,288,285.579987,275.504059,72423800
8/27/19,289.540009,289.950012,286.029999,274.423157,66668900
8/28/19,286.140015,289.070007,285.25,276.355499,59696700
8/29/19,291.720001,293.160004,290.609985,279.885406,57899400
8/30/19,294.220001,294.23999,291.420013,279.760986,62901200
9/3/19,290.570007,291.579987,289.269989,278.125214,69101400
9/4/19,293.140015,294.059998,292.309998,281.282013,46887300
9/5/19,296.790009,298.829987,294,284.898041,83258100
9/6/19,298.170013,298.76001,297.420013,285.117981,49584300
9/9/19,299.140015,299.23999,297.160004,285.261566,51260300
9/10/19,297.359985,298.200012,295.970001,285.194611,57947100
9/11/19,298.470001,300.339996,297.75,287.222565,68821100
9/12/19,301.25,302.459991,300.410004,288.217468,72908700
9/13/19,301.779999,302.170013,300.679993,288.026154,62104800
9/16/19,299.839996,301.140015,299.450012,287.136505,58191200
9/17/19,299.940002,301.019989,299.75,287.863556,41475500
9/18/19,300.48999,301.220001,298.23999,288.035706,73375800
9/19/19,301.529999,302.630005,300.709991,288.016571,76560500
9/20/19,300.359985,300.670013,297.410004,286.655792,89565000
9/23/19,297.549988,299,297.269989,286.588501,43476800
9/24/19,299.410004,299.839996,294.809998,284.339661,94869400
9/25/19,295.959991,298.109985,294.329987,286.021454,71854000
9/26/19,297.630005,297.859985,295.450012,285.425659,56179700
9/27/19,297.829987,297.950012,293.690002,283.88797,84746600
9/30/19,295.970001,297.549988,295.920013,285.204651,51662400
10/1/19,297.73999,298.459991,293,281.812103,88242400
10/2/19,291.5,291.51001,286.640015,276.834015,122539500
10/3/19,287.809998,290.450012,284.820007,279.102081,85278800
10/4/19,291.140015,294.630005,291.079987,282.878937,65091200
10/7/19,293.470001,295.26001,292.769989,281.658386,59610500
10/8/19,291.040009,291.850006,288.48999,277.285767,95708100
10/9/19,290.75,292.299988,290.059998,279.918915,62359400
10/10/19,291.179993,294.209991,291,281.812103,55296300
10/11/19,296.269989,298.73999,296.140015,284.733673,98720400
10/14/19,295.929993,296.670013,295.570007,284.416565,40394800
10/15/19,297.100006,299.700012,296.970001,287.232422,46754500
10/16/19,298.369995,299.160004,297.920013,286.771088,48928200
10/17/19,299.679993,300.23999,298.519989,287.61673,45736600
10/18/19,298.690002,299.399994,297.029999,286.357819,64304000
10/21/19,299.420013,300.209991,298.940002,288.299072,39048600
10/22/19,300.579987,300.899994,298.910004,287.3573,48594700
10/23/19,298.730011,299.940002,298.5,288.19339,34352200
10/24/19,300.910004,301.070007,299.459991,288.664307,35453100
10/25/19,299.73999,302.200012,299.679993,289.846375,45205400
10/28/19,302.940002,303.850006,302.910004,291.480072,42147000
10/29/19,303,304.230011,302.859985,291.393646,44284900
10/30/19,303.429993,304.549988,301.98999,292.287384,49643900
10/31/19,304.130005,304.130005,301.730011,291.508942,69053800
11/1/19,304.920013,306.190002,304.73999,294.209442,71141500
11/4/19,307.850006,308,306.959991,295.391541,60606900
11/5/19,307.589996,307.920013,306.709991,295.064758,42933200
11/6/19,307.029999,307.399994,306.059998,295.132019,46487100
11/7/19,308.570007,309.649994,307.660004,296.169922,54272300
11/8/19,307.799988,309,307.029999,296.90033,49032100
11/11/19,307.420013,308.540009,307.269989,296.333344,35797300
11/12/19,308.75,309.98999,308.149994,296.957977,46484600
11/13/19,307.910004,309.540009,307.660004,297.054108,53917700
11/14/19,308.790009,309.640015,308.089996,297.486542,51219900
11/15/19,311.019989,311.839996,310.26001,299.639252,62023600
11/18/19,311.529999,312.279999,311.029999,299.860291,49228000
11/19/19,312.679993,312.690002,311.220001,299.773804,67804700
11/20/19,311.279999,311.850006,309.059998,298.658966,79406200
11/21/19,310.890015,311.01001,309.390015,298.178467,54664700
11/22/19,311.089996,311.23999,309.850006,298.841644,44850200
11/25/19,311.980011,313.369995,311.980011,301.157623,48647200
11/26/19,313.410004,314.279999,313.059998,301.839996,37569000
11/27/19,314.609985,315.480011,314.369995,303.185486,44444600
11/29/19,314.859985,315.130005,314.059998,302.061066,36592700
12/2/19,314.589996,314.660004,311.170013,299.495117,75767800
12/3/19,308.649994,309.640015,307.130005,297.486542,73941700
12/4/19,310.700012,312.119995,310.320007,299.322144,49080000
12/5/19,312.230011,312.25,310.579987,299.860291,40709000
12/6/19,314.119995,315.309998,314.109985,302.599243,48927000
12/9/19,314.440002,315.179993,313.799988,301.647827,34838500
12/10/19,313.820007,314.549988,312.809998,301.311462,52649800
12/11/19,314.029999,314.700012,313.440002,302.166748,53429100
12/12/19,314.429993,317.98999,314.170013,304.771149,96389600
12/13/19,316.869995,318.670013,316.019989,304.953766,81503900
12/16/19,319.220001,320.149994,317.25,307.048767,82749700
12/17/19,319.920013,320.25,319.480011,307.116119,61097700
12/18/19,320,320.25,319.529999,307.135315,48133000
12/19/19,319.799988,320.980011,319.519989,308.394226,85310500
12/20/19,320.459991,321.970001,319.390015,309.746277,147142100
12/23/19,321.589996,321.649994,321.059998,310.219543,52990000
12/24/19,321.470001,321.519989,320.899994,310.229248,20270000
12/26/19,321.649994,322.950012,321.640015,311.880615,30911200
12/27/19,323.73999,323.799988,322.279999,311.803314,42528800
12/30/19,322.950012,323.100006,320.549988,310.08429,49729100
12/31/19,320.529999,322.130005,320.149994,310.837555,57077300
1/2/20,323.540009,324.890015,322.529999,313.744446,59151200
1/3/20,321.160004,323.640015,321.100006,311.368774,77709700
1/6/20,320.48999,323.730011,320.359985,312.556641,55653900
1/7/20,323.019989,323.540009,322.23999,311.677765,40496400
1/8/20,322.940002,325.779999,322.670013,313.338928,68296000
1/9/20,326.160004,326.730011,325.519989,315.463531,48473300
1/10/20,327.290009,327.459991,325.200012,314.555725,53029300
1/13/20,326.390015,327.959991,325.920013,316.719055,47086800
1/14/20,327.470001,328.619995,326.839996,316.236145,62832800
1/15/20,327.350006,329.019989,327.26001,316.950836,72056600
1/16/20,329.700012,330.920013,329.450012,319.587341,54050300
1/17/20,331.700012,332.179993,330.850006,320.582031,95846000
1/21/20,330.899994,332.179993,330.820007,319.954315,77742400
1/22/20,332.23999,332.950012,331.170013,319.992889,48914900
1/23/20,330.630005,332.170013,329.410004,320.359924,51963000
1/24/20,332.440002,332.529999,327.359985,317.510895,87578400
1/27/20,323.029999,325.119995,322.660004,312.421417,84062500
1/28/20,325.059998,327.850006,323.600006,315.695374,63834000
1/29/20,328.380005,328.630005,326.399994,315.43457,53888900
1/30/20,324.359985,327.910004,323.540009,316.458252,75491800
1/31/20,327,327.170013,320.730011,310.712036,113845600
2/3/20,323.350006,326.160004,323.220001,313.020203,69083000
2/4/20,328.070007,330.01001,327.720001,317.791016,62573200
2/5/20,332.269989,333.089996,330.670013,321.460876,65951100
2/6/20,333.910004,334.190002,332.799988,322.542542,50359700
2/7/20,332.820007,333.98999,331.600006,320.823486,64139400
2/10/20,331.230011,334.75,331.190002,323.218506,42070000
2/11/20,336.160004,337.019989,334.679993,323.778687,54864500
2/12/20,336.829987,337.649994,336.429993,325.864746,43992700
2/13/20,335.859985,338.119995,335.559998,325.517059,54501900
2/14/20,337.51001,337.730011,336.200012,326.038574,64582200
2/18/20,336.51001,337.670013,335.209991,325.198395,57226200
2/19/20,337.790009,339.079987,337.480011,326.753204,48814700
2/20/20,337.73999,338.640015,333.679993,325.410828,74163400
2/21/20,335.470001,335.809998,332.579987,322.059662,113788200
2/24/20,323.140015,333.559998,321.23999,311.378448,161088400
2/25/20,323.940002,324.609985,311.690002,301.942963,218913200
2/26/20,314.179993,318.109985,310.700012,300.832428,194773800
2/27/20,305.459991,311.559998,297.51001,287.321503,284353500
2/28/20,288.700012,297.890015,285.540009,286.114288,384975800
3/2/20,298.209991,309.160004,294.459991,298.504944,238703600
3/3/20,309.5,313.839996,297.570007,289.957947,300139100
3/4/20,306.119995,313.100006,303.329987,302.145782,176613400
3/5/20,304.980011,308.470001,300.01001,292.101959,186366800
3/6/20,293.149994,298.779999,290.230011,287.273193,228667200
3/9/20,275.299988,284.190002,273.450012,264.838745,309417300
3/10/20,284.640015,288.519989,273.5,278.542755,276444100
3/11/20,280.700012,281.940002,270.880005,264.964264,255316300
3/12/20,256,266.660004,247.679993,239.613251,392220700
3/13/20,263.089996,271.480011,248.520004,260.096893,329566100
3/16/20,241.179993,256.899994,237.360001,231.636078,297240000
3/17/20,245.039993,256.170013,237.070007,244.142609,262070500
3/18/20,236.25,248.369995,228.020004,231.780975,327597100
3/19/20,239.25,247.380005,232.220001,232.273499,289322000
3/20/20,242.529999,244.470001,228.5,222.26384,347158800
3/23/20,228.190002,229.679993,218.259995,216.580978,326025200
3/24/20,234.419998,244.100006,233.800003,236.203918,235494500
3/25/20,244.869995,256.350006,239.75,239.739929,299430300
3/26/20,249.520004,262.799988,249.050003,253.738297,257632800
3/27/20,253.270004,260.809998,251.050003,246.180527,224341200
3/30/20,255.699997,262.429993,253.529999,254.1754,171369500
3/31/20,260.559998,263.329987,256.220001,250.386841,194881100
4/1/20,247.979996,257.660004,243.899994,239.118225,189554600
4/2/20,245.190002,252.679993,244.589996,244.635956,177660400
4/3/20,250.759995,253.320007,245.220001,241.099945,135561200
4/6/20,257.839996,267,248.169998,257.293701,188061200
4/7/20,274.209991,275.029999,264.890015,257.556,201427200
4/8/20,267.959991,276,265.25,266.201721,153774500
4/9/20,277.579987,281.200012,275.470001,270.252655,189999200
4/13/20,277.140015,277.51001,271.410004,267.785217,114839100
4/14/20,280.980011,284.899994,275.51001,275.682953,134143400
4/15/20,277.570007,283.940002,275.459991,269.825226,121775000
4/16/20,279.149994,280.029999,275.76001,271.126923,131798300
4/17/20,285.380005,287.299988,282.399994,278.451508,146684800
4/20/20,282.609985,286.790009,281.350006,273.545776,100109300
4/21/20,276.730011,278.040009,272.019989,265.240051,126385700
4/22/20,278.350006,281,276.910004,271.126923,92951600
4/23/20,280.48999,283.940002,278.75,271.107452,104709700
4/24/20,280.730011,283.700012,278.5,274.886414,85063200
4/27/20,285.119995,288.269989,284.619995,278.849792,77896600
4/28/20,291.019989,291.399994,285.399994,277.567505,105270000
4/29/20,291.529999,294.880005,290.410004,284.833832,118745600
4/30/20,291.709991,293.320007,288.589996,282.181824,122901700
5/1/20,285.309998,290.660004,281.519989,274.711548,125180000
5/4/20,280.73999,283.899994,279.130005,275.469238,80873200
5/5/20,286.640015,289.25,283.709991,278.014343,79569900
5/6/20,288.040009,288.459991,283.779999,276.129822,73632600
5/7/20,287.75,289.779999,287.130005,279.461853,75250400
5/8/20,291.089996,292.950012,289.859985,284.085846,76452400
5/11/20,290.339996,294,289.880005,284.144165,79514200
5/12/20,293.790009,294.23999,286.519989,278.480713,95870800
5/13/20,286.059998,287.190002,278.959991,273.555542,144721100
5/14/20,278.950012,285.109985,272.98999,276.829254,121977900
5/15/20,282.369995,286.329987,281.339996,278.101807,111146300
5/18/20,293.049988,296.75,292.700012,286.572693,119703800
5/19/20,294.350006,296.209991,291.950012,283.629272,95189300
5/20/20,295.820007,297.869995,295.570007,288.447571,85861700
5/21/20,296.790009,297.670013,293.690002,286.456146,78293900
5/22/20,294.570007,295.630005,293.220001,287.000122,63958200
5/26/20,301.929993,302.190002,295.459991,290.536102,88951400
5/27/20,302.119995,303.570007,296.869995,294.859009,104817400
5/28/20,304.649994,306.839996,302.23999,294.315063,90405200
5/29/20,302.459991,304.959991,299.470001,295.626465,119090800
6/1/20,303.619995,306.209991,303.059998,296.82132,55758300
6/2/20,306.549988,308.130005,305.100006,299.279053,74267200
6/3/20,310.23999,313.220001,309.940002,303.261932,92567600
6/4/20,311.109985,313,309.079987,302.465363,75794400
6/5/20,317.230011,321.269989,317.160004,310.217377,150524700
6/8/20,320.220001,323.410004,319.630005,313.967163,73641200
6/9/20,320.299988,323.279999,319.359985,311.626007,77479200
6/10/20,321.420013,322.390015,318.220001,309.887085,95000800
6/11/20,311.459991,312.149994,300.01001,292.02243,209243600
6/12/20,308.23999,309.079987,298.600006,295.519562,194678900
6/15/20,298.019989,308.279999,296.73999,298.278503,135782700
6/16/20,315.480011,315.640015,307.670013,304.019653,137627500
6/17/20,314.070007,314.390015,310.859985,302.756836,83398900
6/18/20,310.01001,312.299988,309.51001,302.873352,80828700
6/19/20,314.170013,314.380005,306.529999,301.142456,135549600
6/22/20,307.98999,311.049988,306.75,303.074341,74649400
6/23/20,313.48999,314.5,311.609985,304.469574,68471200
6/24/20,309.839996,310.51001,302.100006,296.703003,132813500
6/25/20,303.470001,307.640015,301.279999,299.883789,89468000
6/26/20,306.160004,306.390015,299.420013,292.761169,127961000
6/29/20,301.410004,304.609985,298.929993,297.063965,79773300
6/30/20,303.98999,310.200012,303.820007,300.869232,113394800
7/1/20,309.570007,311.890015,309.070007,302.976807,72396500
7/2/20,314.23999,315.700012,311.51001,304.645233,69344200
7/6/20,316.369995,317.679993,315.559998,309.348145,61713800
7/7/20,315.380005,317.519989,313.369995,306.157623,82910000
7/8/20,314.609985,316.299988,312.700012,308.499268,54638600
7/9/20,316.839996,317.100006,310.679993,306.742981,83354200
7/10/20,314.309998,317.880005,312.76001,309.875061,57550400
7/13/20,320.130005,322.709991,314.130005,307.191833,102997500
7/14/20,313.299988,319.76001,312,311.17276,93657000
7/15/20,322.410004,323.040009,319.269989,314.031555,87196500
7/16/20,319.790009,321.279999,319.089996,312.997314,54622500
7/17/20,321.880005,322.570007,319.73999,313.904694,62774900
7/20/20,321.429993,325.130005,320.619995,316.441559,56308800
7/21/20,326.450012,326.929993,323.940002,317.114807,57292200
7/22/20,324.619995,327.200012,324.5,318.91983,57792900
7/23/20,326.470001,327.230011,321.480011,315.114563,75738000
7/24/20,320.950012,321.98999,319.25,313.085114,73766600
7/27/20,321.630005,323.410004,320.769989,315.368256,48293000
7/28/20,322.429993,323.640015,320.850006,313.368103,57495000
7/29/20,322.119995,325.730011,322.079987,317.222107,48454200
7/30/20,321.899994,324.410004,319.640015,316.090271,61861700
7/31/20,325.899994,326.630005,321.329987,318.588074,84986800
8/3/20,328.320007,329.619995,327.730011,320.802979,53077900
8/4/20,327.859985,330.059998,327.859985,322.042114,41917900
8/5/20,331.470001,332.390015,331.179993,324.042297,42697700
8/6/20,331.480011,334.459991,331.130005,326.208405,43679400
8/7/20,333.279999,334.880005,332.299988,326.442566,57308300
8/10/20,335.059998,335.769989,332.959991,327.418243,44282100
8/11/20,336.850006,337.540009,332.01001,324.715546,69601100
8/12/20,335.440002,338.279999,335.410004,329.242859,53774400
8/13/20,336.609985,338.25,335.829987,328.647614,41816100
8/14/20,336.410004,337.420013,335.619995,328.657379,47260400
8/17/20,337.940002,338.339996,336.850006,329.701416,35481000
8/18/20,338.339996,339.100006,336.609985,330.413696,38733900
8/19/20,339.049988,339.609985,336.619995,329.037964,68054200
8/20/20,335.359985,338.799988,335.220001,330.062469,42207800
8/21/20,337.920013,339.720001,337.549988,331.233276,55106600
8/24/20,342.119995,343,339.450012,334.589722,48588700
8/25/20,343.529999,344.209991,342.269989,335.76059,38463400
8/26/20,344.76001,347.859985,344.170013,339.12677,50790200
8/27/20,348.51001,349.899994,346.529999,339.868256,58034100
8/28/20,349.440002,350.720001,348.149994,342.06366,48588900
8/31/20,350.350006,351.299988,349.059998,340.824493,66099200
9/1/20,350.209991,352.709991,349.23999,344.034576,54908700
9/2/20,354.670013,358.75,353.429993,349.010681,69540000
9/3/20,355.869995,356.380005,342.589996,336.999725,148011100
9/4/20,346.130005,347.829987,334.869995,334.248199,139156300
9/8/20,336.709991,342.640015,332.880005,325.11554,114465300
9/9/20,337.549988,342.459991,336.609985,331.535736,91462300
9/10/20,341.820007,342.529999,332.850006,325.779083,90569500
9/11/20,335.820007,336.970001,331,325.944916,84680200
9/14/20,337.48999,340.380005,334.220001,330.238007,65605700
9/15/20,341.119995,342.019989,338.470001,331.906525,52920900
9/16/20,341.51001,343.059998,338.519989,330.589294,82096000
9/17/20,333.559998,337.700012,332.98999,327.681702,91523300
9/18/20,335.369995,335.48999,327.970001,323.90921,105877900
9/21/20,325.700012,327.130005,321.730011,320.30423,99450800
9/22/20,328.570007,330.899994,325.859985,323.566345,63612100
9/23/20,330.899994,331.200012,322.100006,316.0625,93112200
9/24/20,321.220001,326.799988,319.799988,316.904968,76681300
9/25/20,322.579987,329.579987,321.640015,322.028351,71069400
9/28/20,333.220001,334.959991,332.149994,327.377075,64584600
9/29/20,333.970001,334.769989,331.619995,325.594147,51304000
9/30/20,333.089996,338.290009,332.880005,328.062805,104081100
10/1/20,337.690002,338.73999,335.01001,330.168945,88698700
10/2/20,331.700012,337.01001,331.190002,327.03418,89431100
10/5/20,336.059998,339.959991,336.01001,332.833496,45713100
10/6/20,339.910004,342.170013,334.380005,328.101959,90128900
10/7/20,338.119995,341.630005,338.089996,333.81311,56999600
10/8/20,342.850006,343.850006,341.859985,336.771515,45242500
10/9/20,345.559998,347.350006,344.890015,339.778961,59528600
10/12/20,349.589996,354.019989,349.059998,345.245209,80388500
10/13/20,352.279999,352.470001,349.089996,342.992096,73255500
10/14/20,350.75,351.929993,347.140015,340.836945,57727900
10/15/20,343.709991,348.019989,343.130005,340.41571,60357700
10/16/20,348.959991,350.75,347.100006,340.209961,89501900
10/19/20,348.649994,349.329987,341.040009,335.037628,68425600
10/20/20,343.459991,346.880005,342.640015,336.3797,60051900
10/21/20,343.329987,345.670013,342.399994,335.742981,63575000
10/22/20,342.959991,345.23999,340.649994,337.584625,55399300
10/23/20,345.929993,345.98999,343.130005,338.730774,49143900
10/26/20,342.130005,342.980011,335.619995,332.471069,91473000
10/27/20,339.76001,340.119995,337.98999,331.32486,65994100
10/28/20,332.100006,338.25,326.130005,320.000549,127094300
10/29/20,326.910004,333.399994,325.089996,323.252899,90597700
10/30/20,328.279999,329.690002,322.600006,319.882996,120287300
11/2/20,330.200012,332.359985,327.23999,323.468414,86068300
11/3/20,333.690002,338.25,330.290009,329.179565,93294200
11/4/20,340.859985,347.940002,339.589996,336.536438,126959700
11/5/20,349.23999,352.190002,348.859985,343.099854,82039700
11/6/20,349.929993,351.51001,347.649994,343.021484,74973000
11/9/20,363.970001,364.380005,354.059998,347.331787,172304200
11/10/20,353.48999,355.179993,350.51001,346.822357,85552000
11/11/20,356.399994,357.559998,355.059998,349.398773,58649000
11/12/20,355.579987,356.720001,351.26001,346.009277,67546200
11/13/20,355.269989,358.899994,354.709991,350.799591,62892200
11/16/20,360.980011,362.779999,359.589996,355.178497,74541100
11/17/20,359.970001,361.920013,358.339996,353.268219,66111000
11/18/20,360.910004,361.5,356.23999,349.016693,70591300
11/19/20,355.600006,358.179993,354.149994,350.486145,59940900
11/20/20,357.5,357.720001,355.25,348.08609,70417300
11/23/20,357.279999,358.820007,354.869995,350.172638,63230600
11/24/20,360.209991,363.809998,359.290009,355.815216,62415900
11/25/20,363.130005,363.160004,361.480011,355.266663,45330900
11/27/20,363.839996,364.179993,362.579987,356.256042,28514100
11/30/20,362.829987,363.119995,359.170013,354.678894,83872700
12/1/20,365.570007,367.679993,364.929993,358.558136,74231400
12/2/20,364.820007,366.959991,364.200012,359.312439,45927000
12/3/20,366.679993,368.190002,365.5,359.214508,62882000
12/4/20,367.320007,369.850006,367.220001,362.310059,50749900
12/7/20,369.019989,369.619995,367.720001,361.565552,48944300
12/8/20,367.720001,370.779999,367.670013,362.623566,42458900
12/9/20,370.880005,371.049988,365.950012,359.371246,74098300
12/10/20,365.369995,367.859985,364.429993,359.253662,57735400
12/11/20,364.899994,366.73999,363.26001,358.832428,57698600
12/14/20,368.640015,369.799988,364.470001,357.225891,69216200
12/15/20,367.399994,369.589996,365.920013,362.055359,63865300
12/16/20,369.820007,371.160004,368.869995,362.623566,58420500
12/17/20,371.940002,372.459991,371.049988,364.651367,64119500
12/18/20,370.970001,371.149994,367.019989,363.195313,136542300
12/21/20,364.970001,378.459991,362.029999,361.896698,96386700
12/22/20,368.209991,368.329987,366.029999,361.286774,47949000
12/23/20,368.279999,369.619995,367.220001,361.61145,46201400
12/24/20,368.079987,369.029999,367.450012,363.01825,26457900
12/28/20,371.73999,372.589996,371.070007,366.136871,39000400
12/29/20,373.809998,374,370.829987,365.438324,53680500
12/30/20,372.339996,373.100006,371.570007,365.959747,49455300
12/31/20,371.779999,374.660004,371.230011,367.819122,78520700
1/4/21,375.309998,375.450012,364.820007,362.811676,110210800
1/5/21,368.100006,372.5,368.049988,365.310455,66426200
1/6/21,369.709991,376.980011,369.119995,367.494446,107997700
1/7/21,376.100006,379.899994,375.910004,372.954559,68766800
1/8/21,380.589996,381.48999,377.100006,375.079498,71677200
1/11/21,377.850006,380.579987,377.720001,372.551147,51034700
1/12/21,378.890015,379.859985,376.359985,372.629852,52547700
1/13/21,378.690002,380.859985,377.850006,373.633362,45303600
1/14/21,380.589996,381.130005,378.100006,372.32486,49989100
1/15/21,376.720001,377.579987,373.700012,369.609619,107160000
1/19/21,378.339996,379.230011,376.75,372.51178,51233300
1/20/21,381.109985,384.790009,380.690002,377.66687,61836100
1/21/21,384.48999,384.950012,383.25,378.0112,47840100
1/22/21,382.25,384.130005,381.839996,376.673248,52860500
1/25/21,383.670013,384.769989,378.459991,378.158813,70402000
1/26/21,385.410004,385.850006,383.540009,377.568481,42665300
1/27/21,380.220001,380.320007,372.01001,368.340546,123351100
1/28/21,376.359985,381.929993,375.890015,371.508331,94198100
1/29/21,375.630005,376.670013,368.269989,364.070923,126765100
2/1/21,373.720001,377.339996,370.380005,370.131042,75817600
2/2/21,379.649994,383.220001,376.320007,375.364777,64450700
2/3/21,382.440002,383.700012,380.480011,375.659943,52427100
2/4/21,382.959991,386.23999,381.970001,379.929565,47142600
2/5/21,388.200012,388.470001,386.140015,381.424927,48669800
2/8/21,389.269989,390.559998,388.350006,384.179565,38365200
2/9/21,389.609985,390.890015,389.170013,383.923798,35551100
2/10/21,392.119995,392.279999,387.5,383.7565,59154400
2/11/21,391.23999,391.690002,388.100006,384.376312,42913300
2/12/21,389.850006,392.899994,389.769989,386.275024,50593300
2/16/21,393.959991,394.170013,391.529999,385.940552,50972400
2/17/21,390.420013,392.660004,389.329987,386.029083,52290600
2/18/21,389.589996,391.519989,387.73999,384.386169,59712800
2/19/21,392.070007,392.380005,389.549988,383.707306,83241000
2/22/21,387.059998,389.619995,386.73999,380.75592,67414200
2/23/21,384.660004,388.950012,380.200012,381.218323,107284100
2/24/21,386.329987,392.230011,385.269989,385.419128,72433900
2/25/21,390.410004,391.880005,380.779999,376.132141,146670500
2/26/21,384.350006,385.579987,378.230011,374.194061,152701600
3/1/21,385.589996,390.920013,380.570007,383.264587,105348800
3/2/21,389.820007,390.070007,386,380.273926,79595300
3/3/21,385.790009,386.829987,381.309998,375.236908,119940200
3/4/21,381.220001,384,371.880005,370.593445,183433000
3/5/21,380.459991,384.76001,372.640015,377.411072,152039600
3/8/21,384.660004,387.679993,381.420013,375.532013,123149200
3/9/21,385.850006,389.910004,385.309998,380.893707,113633600
3/10/21,389.690002,391.399994,388.170013,383.264587,109899400
3/11/21,392.230011,395.649994,391.73999,387.150574,86245000
3/12/21,392.070007,394.209991,391.200012,387.671997,64653600
3/15/21,394.329987,396.690002,392.029999,389.983917,73427200
3/16/21,397.070007,397.829987,395.079987,389.492004,73722500
3/17/21,394.529999,398.119995,393.299988,390.820129,97959300
3/18/21,394.480011,396.720001,390.75,385.13382,115349100
3/19/21,389.880005,391.570007,387.149994,384.421234,113624500
3/22/21,390.029999,394.070007,389.970001,387.490784,73778600
3/23/21,391.910004,393.459991,388.660004,384.440948,90686600
3/24/21,391,392.75,387.470001,382.486633,97588600
3/25/21,385.980011,390.549988,383.899994,384.638397,116128600
3/26/21,390.929993,396.410004,390.290009,390.836792,114409100
3/29/21,394.399994,396.75,392.809998,390.639404,108107600
3/30/21,394.420013,395.450012,393.019989,389.603027,76262200
3/31/21,395.339996,398,395.309998,391.18222,112734200
4/1/21,398.399994,400.670013,398.179993,395.406616,99682900
4/5/21,403.459991,406.940002,403.380005,401.08194,91684800
4/6/21,405.76001,407.23999,405.399994,400.845093,62021000
4/7/21,405.940002,406.959991,405.450012,401.30896,55836300
4/8/21,407.929993,408.579987,406.929993,403.213867,57863100
4/9/21,408.390015,411.670013,408.26001,406.145325,61104600
4/12/21,410.850006,411.929993,410.200012,406.293396,56704900
4/13/21,411.529999,413.529999,411.119995,407.497528,56551000
4/14/21,412.829987,413.959991,410.869995,406.105835,61659900
4/15/21,413.73999,416.160004,413.690002,410.468414,60229800
4/16/21,417.25,417.910004,415.730011,411.840393,82037300
4/19/21,416.26001,416.73999,413.790009,409.816986,78498500
4/20/21,413.910004,415.089996,410.589996,406.816528,81851800
4/21/21,411.51001,416.290009,411.359985,410.665833,66793000
4/22/21,415.890015,416.779999,411.130005,406.915161,97582800
4/23/21,412.869995,418.25,412.790009,411.327118,73209200
4/26/21,417.440002,418.220001,416.809998,412.185791,52182400
4/27/21,417.929993,418.140015,416.299988,412.097015,51303100
4/28/21,417.809998,419.01001,416.899994,411.978546,51238900
4/29/21,420.320007,420.720001,416.440002,414.604004,78544300
4/30/21,417.630005,418.540009,416.339996,411.879883,85527000
5/3/21,419.429993,419.839996,417.670013,412.768188,68128300
5/4/21,416.070007,416.600006,411.670013,410.22168,101591200
5/5/21,417.380005,417.630005,415.149994,410.350006,60162200
5/6/21,415.829987,419.209991,413.679993,413.626892,74321400
5/7/21,419.890015,422.820007,419.160004,416.637238,67733800
5/10/21,422.5,422.73999,417.809998,412.511566,81852400
5/11/21,413.100006,415.269989,410.059998,408.829987,116888000
5/12/21,411.230011,412.589996,404,400.144318,134811000
5/13/21,407.070007,412.350006,407.019989,404.951019,106394000
5/14/21,413.209991,417.48999,413.179993,411.169189,82201600
5/17/21,415.390015,416.390015,413.359985,410.122986,65129200
5/18/21,415.799988,416.059998,411.769989,406.589508,59810200
5/19/21,406.920013,411.049988,405.329987,405.523499,106467100
5/20/21,411.799988,416.630005,411.670013,409.886108,78022200
5/21/21,416.869995,418.200012,414.450012,409.550537,76578700
5/24/21,417.339996,420.320007,417.079987,413.725586,51376700
5/25/21,420.329987,420.709991,417.619995,412.807648,57451400
5/26/21,418.869995,419.609985,417.76001,413.626892,43088600
5/27/21,420.170013,420.720001,418.98999,413.844025,56707700
5/28/21,420.970001,421.25,419.790009,414.584259,58520200
6/1/21,422.570007,422.720001,419.200012,414.219086,54216600
6/2/21,420.369995,421.230011,419.290009,414.870483,49097100
6/3/21,417.850006,419.98999,416.279999,413.33078,58138800
6/4/21,420.75,422.920013,418.839996,417.110992,55938800
6/7/21,422.589996,422.779999,421.190002,416.70636,51555000
6/8/21,423.109985,423.209991,420.320007,416.795197,47134300
6/9/21,423.179993,423.26001,421.410004,416.17334,48436300
6/10/21,422.959991,424.630005,421.549988,418.10788,51020100
6/11/21,424.200012,424.429993,422.820007,418.798828,45570800
6/14/21,424.429993,425.369995,423.100006,419.736481,42358500
6/15/21,425.420013,425.459991,423.540009,418.966614,51508500
6/16/21,424.630005,424.869995,419.920013,416.62735,80386100
6/17/21,421.670013,423.019989,419.320007,416.489197,90949700
6/18/21,417.089996,417.829987,414.700012,410.870605,118676300
6/21/21,416.799988,421.059998,415.929993,416.752625,72822000
6/22/21,420.850006,424,420.079987,418.980652,57700300
6/23/21,423.190002,424.049988,422.51001,418.475616,49445400
6/24/21,424.890015,425.549988,424.619995,420.951233,45110300
6/25/21,425.899994,427.089996,425.549988,422.446472,58129500
6/28/21,427.170013,427.649994,425.890015,423.298096,53159600
6/29/21,427.880005,428.559998,427.130005,423.525879,35970500
6/30/21,427.209991,428.779999,427.179993,423.882355,64827900
7/1/21,428.869995,430.600006,428.799988,426.229218,53441000
7/2/21,431.670013,434.100006,430.519989,429.487122,57697700
7/6/21,433.779999,434.01001,430.01001,428.704834,68710400
7/7/21,433.660004,434.76001,431.51001,430.219879,63549500
7/8/21,428.779999,431.730011,427.519989,426.714447,97595200
7/9/21,432.529999,435.839996,430.709991,431.269531,76238600
7/12/21,435.429993,437.350006,434.970001,432.814331,52889600
7/13/21,436.23999,437.839996,435.309998,431.338867,52911300
7/14/21,437.399994,437.920013,434.910004,431.982513,64130400
7/15/21,434.809998,435.529999,432.720001,430.50705,55126400
7/16/21,436.01001,436.059998,430.920013,427.13031,75874700
7/19/21,426.190002,431.410004,421.970001,420.82251,147987000
7/20/21,425.679993,432.420013,424.829987,426.853088,99608200
7/21/21,432.339996,434.700012,431.01001,430.309021,64724400
7/22/21,434.73999,435.720001,433.690002,431.210114,47878500
7/23/21,437.519989,440.299988,436.790009,435.646423,63766600
7/26/21,439.309998,441.029999,439.26001,436.715851,43719200
7/27/21,439.910004,439.940002,435.98999,434.725494,67397100
7/28/21,439.679993,440.299988,437.309998,434.547241,52472400
7/29/21,439.820007,441.799988,439.809998,436.349487,47435300
7/30/21,437.910004,440.059998,437.769989,434.230377,68951200
8/2/21,440.339996,440.929993,437.209991,433.319336,58783300
8/3/21,438.440002,441.279999,436.100006,436.844604,58053900
8/4/21,439.779999,441.119995,438.730011,434.695801,46732200
8/5/21,440.220001,441.850006,439.880005,437.448639,38969700
8/6/21,442.100006,442.940002,441.799988,438.171509,46930000
8/9/21,442.459991,442.799988,441.309998,437.815033,41222600
8/10/21,442.609985,443.440002,441.880005,438.35965,43339300
8/11/21,443.820007,443.880005,442.619995,439.448944,44034300
8/12/21,443.619995,445.26001,442.660004,440.76593,38909400
8/13/21,445.589996,445.940002,445.070007,441.568054,39470300
8/16/21,444.529999,447.109985,442.869995,442.607788,73740000
8/17/21,444.23999,444.959991,440.850006,439.706421,92673900
8/18/21,442.959991,444.630005,438.920013,434.893799,89351900
8/19/21,436.269989,441.140015,436.119995,435.567169,92812200
8/20/21,440.230011,443.709991,439.709991,439.03302,72008700
8/23/21,445.160004,448.230011,443.440002,442.894989,54973000
8/24/21,447.970001,448.540009,447.420013,443.598022,38744700
8/25/21,448.170013,449.459991,447.769989,444.52887,40529700
8/26/21,448.609985,448.859985,446.160004,441.904724,57829600
8/27/21,447.119995,450.649994,447.059998,445.855774,77235100
8/30/21,450.970001,453.070007,450.709991,447.816467,48357400
8/31/21,452.130005,452.48999,450.920013,447.153015,59300200
9/1/21,452.559998,453.109985,451.549988,447.390656,48721400
9/2/21,453.320007,454.049988,451.910004,448.76709,42501000
9/3/21,451.980011,453.630005,451.549988,448.658173,47170500
9/7/21,452.709991,452.809998,450.73999,447.053955,51671500
9/8/21,450.890015,451.670013,448.859985,446.509369,56181900
9/9/21,450.700012,452.570007,448.720001,444.598206,57970400
9/10/21,451.040009,451.48999,445.309998,441.092743,89948200
9/13/21,448.640015,448.920013,444.109985,442.221619,83738600
9/14/21,448.119995,448.339996,443.220001,439.835114,78197100
9/15/21,444.619995,448.410004,443.440002,443.508911,78792200
9/16/21,447.320007,448.359985,444.019989,442.805847,77786700
9/17/21,444.920013,445.369995,441.019989,438.492462,118425000
9/20/21,434.880005,436.559998,428.859985,431.180969,166445500
9/21/21,436.529999,437.910004,433.070007,430.773651,92526100
9/22/21,436.049988,440.029999,433.75,434.975769,102350100
9/23/21,439.850006,444.890015,439.600006,440.260712,76396000
9/24/21,441.440002,444.670013,441.209991,440.985931,62094800
9/27/21,442.809998,444.049988,441.899994,439.724304,61371100
9/28/21,439.690002,440.040009,432.940002,430.863037,130436300
9/29/21,435.190002,437.040009,433.850006,431.588257,82329200
9/30/21,436.019989,436.769989,428.779999,426.313232,140506000
10/1/21,430.980011,436.029999,427.230011,431.379608,129240100
10/4/21,433,433.959991,426.359985,425.816528,128570000
10/5/21,430.23999,435.48999,429.390015,430.247131,90682500
10/6/21,429.269989,435.119995,427.540009,432.035248,113032200
10/7/21,438.390015,441.679993,438.200012,435.770508,72437500
10/8/21,439.480011,439.890015,437.190002,434.975769,74557400
10/11/21,437.160004,440.26001,434.619995,431.82666,65233300
10/12/21,435.670013,436.100006,432.779999,430.763702,71181200
10/13/21,434.709991,436.049988,431.540009,432.313416,72974000
10/14/21,439.079987,442.660004,438.579987,439.585205,70236800
10/15/21,444.75,446.26001,444.089996,442.933014,66260200
10/18/21,443.970001,447.549988,443.269989,444.244324,62213200
10/19/21,448.920013,450.709991,448.269989,447.6716,46996800
10/20/21,451.130005,452.730011,451.01001,449.429932,49571600
10/21/21,451.769989,453.829987,451.309998,450.602173,41305400
10/22/21,453.130005,454.670013,451.049988,450.135254,58845100
10/25/21,454.279999,455.899994,452.390015,452.549255,45214500
10/26/21,457.200012,458.48999,455.559998,452.956543,56075100
10/27/21,456.450012,457.160004,453.859985,450.94986,72438000
10/28/21,455.459991,458.399994,455.450012,455.301025,51437900
10/29/21,455.869995,459.559998,455.559998,456.224884,70162400
11/1/21,460.299988,460.700012,458.200012,457.009674,48433600
11/2/21,460.220001,462.230011,460.079987,458.857422,48908400
11/3/21,461.299988,465.149994,460.829987,461.658844,52509800
11/4/21,465.359985,467,464.98999,463.834442,52847100
11/5/21,469.279999,470.649994,466.920013,465.443726,66390600
11/8/21,469.700012,470.230011,468.200012,465.841125,50405200
11/9/21,469.320007,469.570007,465.880005,464.301331,51149100
11/10/21,465.579987,467.380005,462.040009,460.566101,69429700
11/11/21,465.209991,465.290009,463.75,460.715088,34848500
11/12/21,465.119995,467.859985,464.109985,464.192017,53466700
11/15/21,468.640015,468.809998,466.230011,464.350983,46980500
11/16/21,467.149994,470.48999,467.070007,466.188812,48857500
11/17/21,469,469.190002,467.480011,465.056335,47858300
11/18/21,469.23999,470.01001,466.339996,466.635864,50625600
11/19/21,469.609985,470.940002,468.5,465.801392,57315600
11/22/21,470.890015,473.540009,467.350006,464.490082,72762000
11/23/21,467.220001,469.100006,464.450012,465.105988,73206500
11/24/21,466.059998,469.570007,465.190002,466.347748,61858800
11/26/21,462.339996,463.899994,457.769989,455.946747,112669600
11/29/21,464.070007,466.559998,461.730011,461.539642,86268800
11/30/21,462,464.029999,455.299988,452.559204,148559600
12/1/21,461.640015,464.670013,450.290009,447.532501,131939200
12/2/21,450.730011,459.070007,450.309998,454.387054,127637800
12/3/21,459.170013,460.299988,448.920013,450.433289,137331600
12/6/21,456.130005,460.790009,453.559998,455.767914,98977500
12/7/21,464.410004,468.880005,458.649994,465.195404,95484700
12/8/21,468.700012,470,466.829987,466.427216,72238800
12/9/21,468.149994,469.630005,466.140015,463.278137,61272600
12/10/21,469.230011,470.899994,466.51001,467.639191,77159800
12/13/21,470.190002,470.559998,466.269989,463.496643,87724700
12/14/21,463.089996,465.73999,460.25,460.3078,97264100
12/15/21,463.420013,470.859985,460.73999,467.500122,116899300
12/16/21,472.570007,472.869995,464.799988,463.377472,116568600
12/17/21,461.549988,464.73999,458.059998,458.44577,135511600
12/20/21,454.480011,455.399994,451.140015,453.570953,107134800
12/21/21,458.609985,463.209991,456.309998,461.625916,69806300
12/22/21,462.790009,467.809998,462.579987,466.241577,58890200
12/23/21,468.75,472.190002,468.640015,469.142548,56439700
12/27/21,472.059998,477.309998,472.01001,475.781921,56808600
12/28/21,477.720001,478.809998,476.059998,475.393127,47274600
12/29/21,476.980011,478.559998,475.920013,476.001251,54503000
12/30/21,477.929993,479,475.670013,474.685333,55329000
12/31/21,475.640015,476.859985,474.670013,473.489044,65237400
1/3/22,476.299988,477.850006,473.850006,476.23053,72668200
1/4/22,479.220001,479.980011,475.579987,476.071014,71178700
1/5/22,477.160004,477.980011,468.279999,466.929443,104538900
1/6/22,467.890015,470.820007,465.429993,466.490784,86858900
1/7/22,467.950012,469.200012,464.649994,464.646515,85111600
1/10/22,462.700012,465.73999,456.600006,464.068329,119362000
1/11/22,465.230011,469.850006,462.049988,468.295197,74303100
1/12/22,471.589996,473.200012,468.940002,469.561249,67605400
1/13/22,472.190002,472.880005,463.440002,463.091339,91173100
1/14/22,461.190002,465.089996,459.899994,463.280762,95890900
1/18/22,459.73999,459.959991,455.309998,455.076233,109709100
1/19/22,458.130005,459.609985,451.459991,450.350922,109357600
1/20/22,453.75,458.73999,444.5,445.366425,122379700
1/21/22,445.559998,448.059998,437.950012,436.623596,202271200
1/24/22,432.029999,440.380005,420.76001,438.477814,251783900
1/25/22,433.059998,439.720001,427.149994,433.124451,167997300
1/26/22,440.720001,444.040009,428.859985,432.037842,186391100
1/27/22,438.26001,441.589996,429.450012,429.904449,149878300
1/28/22,432.679993,442,427.820007,440.581299,164457400
1/31/22,441.23999,450.279999,439.809998,448.516632,152251400
2/1/22,450.679993,453.630005,446.940002,451.547241,123155400
2/2/22,455.5,458.119995,453.049988,455.933594,117361000
2/3/22,450.950012,452.970001,445.709991,445.216888,118024400
2/4/22,446.350006,452.779999,443.829987,447.310394,118454400
2/7/22,449.51001,450.98999,445.850006,445.874847,84472900
2/8/22,446.730011,451.920013,445.220001,449.543457,81012000
2/9/22,455.220001,457.880005,455.01001,456.123016,92589900
2/10/22,451.339996,457.709991,447.200012,447.928467,140103700
2/11/22,449.410004,451.609985,438.940002,439.095886,153214600
2/14/22,439.920013,441.600006,435.339996,437.660339,123006300
2/15/22,443.730011,446.279999,443.179993,444.718445,88482700
2/16/22,443.929993,448.059998,441.940002,445.216888,84863600
2/17/22,443.220001,446.570007,436.420013,435.706421,102259100
2/18/22,437.329987,438.660004,431.820007,432.885193,132642900
2/22/22,431.890015,435.5,425.859985,428.239624,124391800
2/23/22,432.660004,433.26001,421.350006,420.643219,132578000
2/24/22,411.019989,428.76001,410.640015,426.973541,213942900
2/25/22,429.609985,437.839996,427.859985,436.394287,121804500
2/28/22,432.029999,438.200012,430.700012,435.277771,145615000
3/1/22,435.040009,437.170013,427.109985,428.648376,137785900
3/2/22,432.369995,439.720001,431.570007,436.533875,117726500
3/3/22,440.470001,441.109985,433.799988,434.360596,105501700
3/4/22,431.75,433.369995,427.880005,430.831573,113978200
3/7/22,431.549988,432.299988,419.359985,418.131012,137896600
3/8/22,419.619995,427.209991,415.119995,414.960876,164772700
3/9/22,425.140015,429.51001,422.820007,426.086304,116990800
3/10/22,422.519989,426.429993,420.440002,424.162292,93972700
3/11/22,428.119995,428.769989,419.529999,418.769043,95636300
3/14/22,420.890015,424.549988,415.790009,415.708557,95729200
3/15/22,419.769989,426.839996,418.420013,424.850159,106219100
3/16/22,429.890015,435.679993,424.799988,434.270874,144954800
3/17/22,433.589996,441.070007,433.190002,439.70401,102676900
3/18/22,438,444.859985,437.220001,444.519989,106345500
3/21/22,444.339996,446.459991,440.679993,444.390015,88349800
3/22/22,445.859985,450.579987,445.859985,449.589996,74650400
3/23/22,446.910004,448.48999,443.709991,443.799988,79426100
3/24/22,445.940002,450.5,444.76001,450.48999,64736900
3/25/22,451.160004,452.980011,448.429993,452.690002,77101300
3/28/22,452.059998,455.910004,450.059998,455.910004,68529800
3/29/22,460.019989,462.070007,457.179993,461.549988,86581500
3/30/22,460.339996,461.200012,456.470001,458.700012,79666900
3/31/22,457.890015,458.76001,451.160004,451.640015,121699900
4/1/22,453.309998,453.459991,449.140015,452.920013,89001500
4/4/22,453.130005,456.910004,452.26001,456.799988,59601000
4/5/22,455.220001,457.829987,449.820007,451.029999,74214500
4/6/22,446.890015,448.929993,443.470001,446.519989,106898000
4/7/22,445.589996,450.690002,443.529999,448.769989,78097200
4/8/22,447.970001,450.630005,445.940002,447.570007,79236300
4/11/22,444.109985,445,439.390015,439.920013,89770500
4/12/22,443.079987,445.75,436.649994,438.290009,84363600
4/13/22,438.029999,444.109985,437.839996,443.309998,74070400
4/14/22,443.549988,444.730011,437.679993,437.790009,97720700
4/18/22,436.809998,439.75,435.609985,437.970001,66002500
4/19/22,437.859985,445.799988,437.679993,445.040009,77821000
4/20/22,446.920013,447.570007,443.480011,444.709991,65224400
4/21/22,448.540009,450.01001,437.100006,438.059998,85417300
4/22/22,436.910004,438.079987,425.440002,426.040009,132354400
4/25/22,423.670013,428.690002,418.839996,428.51001,119647700
4/26/22,425.829987,426.040009,416.070007,416.100006,103529500